"MR1","MR2"
1,0.219122967805205
0.219122967805205,1
