"MR1","MR2","MR3","MR4"
1,0.272436392883854,0.282811796642055,0.296903906954436
0.272436392883854,1,0.0870429011298677,0.0338503209620157
0.282811796642055,0.0870429011298677,1,0.234586448666155
0.296903906954436,0.0338503209620157,0.234586448666155,1
